NL60DAOI2890375708,1,Bigtax,saving,36403
FR127735715836AOBUVJ5PB3T74,1,Solarbreeze,business,90732
LU132859U2R30T6O1AMO,1,Erie,for minors,887934
FR481095665100HEDYCWKC9QG87,2,Cookley,personal,675543
EE853716562864970222,2,Ridgeway,personal,265735
FR511954895025OT1WES9P2CN55,3,Asoka,personal,1004097
RO73DFXCF3YVRTYVFVBHQ9VT,3,Turkey,saving,2887559
PT38792162855990965442035,3,Grey lourie,for minors,1604703
AD1426385944TL8TPMHPUITF,4,Tempsoft,personal,2519475
HU15831059445261419254720391,4,Jones and Sons,personal,2664236
FR236631003080GIYTWDCWVFH78,5,Bay,personal,1531001
BA914191805749374362,6,Logan,personal,215777
IE51AAOQ21828404077999,7,Opela,saving,2812788
GR831075194JMORVKUQDBUA5ZM7,8,Windler,for minors,2182791
LV70QKFNXIINGQFGQWTS8,8,Padberg Group,saving,1086242
NO1991787328241,9,Lesch-Hermann,personal,2527996
AZ60PCRKP0GSKGI0KWHU4PYJLQKE,9,Marks Group,saving,791505
NO8650701288944,9,La Follette,personal,1866228
BE78314242337572,10,Carioca,personal,43427
MK41477DOYFWAI1W659,10,Flowdesk,saving,1266706
PT29499781625205195427425,11,Portage,saving,1360676
FR221888182297VFPDTTNXNE158,12,Overhold,personal,2675702
MT29TBTL85012OVGSQ22YFNLREHDKPT,12,Macaque,for minors,840487
MD31VHMTCPG2DQM1KE9JAERG,13,Toughjoyfax,personal,599148
DE79081204120429412135,13,Emu,personal,2869810
IL786557961952878739199,14,Butternut,personal,966789
FR1543277896585ZIK0CSQLQV29,15,Lindbergh,personal,772928
GE32UD5891851791570344,16,Viva,for minors,623306
VG61JSJG8092896721985682,16,Tin,saving,538641
RO82CMIGBH1YIGASSZUCSQNT,17,Ferry Group,saving,2288554
SK9128096539431151563108,18,Spurfowl,personal,370237
FR936121328389LQQGOASLWT796,18,Cottonwood,personal,286395
DE30294485557747039339,19,Huels,saving,311693
FR496789911046B56UPNS2NUO38,19,Fix San,personal,1629405
RO57ZXMBAC3LICGE9CUVP5CV,20,Loomis,saving,940267
KW80GFHFSFRZ8NAZYGWMDLBP9LWVJB,21,Hessel-Kuhic,personal,1455763
SI43882135365007747,21,Bytecard,for minors,518202
GI46RUHMQ07OKZOESULEZGS,22,Dovetail,personal,839021
FR269578997927ZXUFJFD0UIZ87,23,Myrtle,personal,2090693
FR929555749810MN66NBKN3JQ38,23,Buttermilk snake,business,1816713
AZ66GLLCMWGFFSKTDRD2WLKPHLEU,24,Flowdesk,personal,1809265
MC096276837603NNUE4RZ6EIF27,25,Regrant,for minors,2820231
HU87667080640745192379770387,26,Cormorant,personal,1589072
PT32784241761371374262171,26,Lakeland,personal,2192228
DO692LOA24615275459286419733,27,Ventosanzap,personal,926801
GI02OSMLZCVPC3LI6P7EZUF,28,Mockingbird,personal,1555976
BG62XUDM198830YMBILNL7,28,Hagan,personal,880796
HR6287920787956765690,29,Howe,personal,1913861
DK0953142721044803,30,Lind LLC,personal,984262
GR560395974CG6TT9ZR8OFADHFE,31,Bitchip,saving,839290
DE43602012071511278983,31,Eagan,personal,901106
BA935889437325903922,32,Braun LLC,saving,2261626
BH97ABMEE8WLEVCLROPPPE,32,Regrant,personal,405855
MD79CZ9B8ZBC8AOR8HZYY9X3,33,Holdlamis,personal,2527545
LI2033561S5WMFJ5ZBQZX,34,Tampflex,saving,509867
CZ2152909373400238184361,35,Baboon,saving,2318164
SA6793YOGHIU7ALTAZLFWAKU,36,Regrant,personal,2341035
FR150163431747IPQWZBYQ0JT71,37,Ventosanzap,personal,1998807
BR7221865953826398554779737SD,37,O'Conner,saving,986837
FR755651711877HQ8KUPTJE2E11,37,Northern fur seal,saving,2755000
PS20BQQJWXOO40FPWXPMC2NBR6PLW,38,Myrtle,personal,368034
CZ5511689086302247661422,39,Collier Inc,personal,1563330
RS02655462565140746232,39,Redwing,personal,1022766
AT419337944819836915,40,Namekagon,saving,1033293
FR020030296237IEVJRNNE81185,41,Morningstar,saving,102341
DO39GE7C12482803957849368595,42,Main,saving,2273273
PT49707589011545865450544,42,Daltfresh,personal,1791732
DE05645914104176216693,42,Bahringer,personal,1569400
FI1318368643667889,43,Wehner,saving,456413
FR5013365821287GQMMDD6OLU83,44,Lind LLC,saving,565022
MK238558E9MGV3EF749,45,Holdlamis,personal,870258
VG13XECA8479575717087097,45,Bitchip,personal,1849337
FR834478632769TGIGUAVMOKH39,46,Otcom,personal,995267
DE88503433710437310817,46,Redwing,personal,399988
AL2385925287T9TDBSPIN2BNMG4D,47,Lunder,personal,245458
GR107134113WBJWTUXAFSY6XOHX,48,Petterle,personal,1993667
KW82KSFYM4YY93ESZGLAMCNATMMBIG,49,Robel,personal,1394677
BG60XTTX845800OI22AMHG,50,Goyette-Lockman,saving,2415133
MC9594613242296EWSW5VSIVF05,51,Konklab,saving,2338794
FR219161520100MAECISS28QI76,52,O'Reilly-Cremin,personal,1825780
AE953455736311284747558,53,Common turkey,saving,1786877
BG80BGKW2232103ST3GTY6,54,Carroll-Gutkowski,saving,2567219
FR828083090168ET6ILTDQURN59,54,Crowned hawk-eagle,for minors,1286407
BR0310713915481509546647092WZ,55,Konklab,personal,2200159
SI27477425351749407,55,Ruecker,personal,2006476
CY8714298070SW8FV1GLHBWSTKYO,56,7th,saving,1900613
LV98EVGAVWCBKYEZOLKU9,56,Nancy,personal,2812406
MU38SPRZ6561085529865602003KQY,56,Raven,personal,2450641
BE51913858930396,57,Lawn,saving,1298252
FR544562817999MVSLEAPFYNV36,58,Tresom,personal,346955
IS922770441119992492537315,59,Fisher,personal,1445442
FR052852981985N1TF4HKPH3775,59,Flexidy,saving,699703
FR162940522996YZYHDH5TLB603,59,Northview,personal,417820
BG10EWTB1413962P6E6CZJ,60,Latlux,personal,1298199
SA0398IONLYXHRXETCMO79LF,61,Domainer,saving,362677
DE14729572230611752366,61,Ronstring,personal,1169828
TN5478612701002964205356,62,Saddle-billed stork,business,165631
AD1134412734T2QDTJMM081V,63,Treeflex,saving,2999532
SA3552JBI0V9WVNCU3L5DAPN,63,McKenzie and Sons,saving,2866315
CZ4978198580333176676814,64,Skink,personal,311447
LI7634904SKGA95Q6SWNJ,65,Troy,personal,165975
PL06038388905996804292495021,65,Vicuna,personal,2849394
FR45266161274652TMVIVPQ5L01,65,O'Kon,saving,1076828
FR554239335295BIZEUWV3CFF55,66,Bauch-Gerlach,saving,1559493
SI90561448213410524,66,Duiker,business,2417774
AZ08JZPPKUJEHKR1GY3W6KKXEQVX,67,Eggendart,personal,2909269
DE24606440803858670949,68,Rufous-collared sparrow,for minors,82075
DE55793587195444613920,68,Jacobs-Reichert,saving,2811740
HR1938851130918590134,68,Mongoose,personal,2380064
GI54HZVAM8GR8MCMGTSWGBZ,69,Straubel,personal,2130186
HU68784313704422979806045343,70,Mccormick,saving,1154071
SI80245314640911224,70,Namfix,personal,1178628
KZ22464M1ORDJRMKIJGA,71,Flatley-Wehner,personal,453147
FR241647887802ACKVGEEEQZM87,72,Welch,personal,1015036
DE40064213356819991051,73,Marquardt,personal,920014
GI05REVO9BYXPV0P7VASYMR,74,Voyatouch,business,2757202
FR448372210059PFWH4OZTGKH63,75,Bytecard,saving,2151516
VG66XTGC3816485666205464,75,Bigtax,saving,525877
PT38083410636533077804885,76,Silver gull,saving,656729
FR618914331395Y2P7V6AEBDG70,76,Gottlieb-King,personal,2657998
PK27LFPLVXESUXISWKLDBGEU,77,Sub-Ex,personal,1151475
PT77830205179318048753133,78,African snake (unidentified),for minors,2163882
ES7295078258162113141744,78,Jenkins LLC,for minors,542427
LI3270547KNLVROLRKSBH,79,Common brushtail possum,saving,335730
SA9059AGRE8AJZ70FVDZADS2,80,Bradtke Inc,personal,1844132
AE669617962979556956338,80,Schiller,personal,1726652
IE28WALE23318115762854,80,Herzog LLC,personal,372272
GE36QZ1105418004106559,81,Sable antelope,personal,1530320
MD67PUO4Z8SS3BSH0ZRMQNZL,81,Lotstring,personal,388697
SE2575710596688421800564,82,Pepper Wood,personal,2108267
FR162511973191FEJLUSCLSYA55,83,Fisher,personal,2688077
SM67I59744507953ATHJ7DUIE9D,83,Cormorant,personal,2078817
NL54GSXA5057368392,84,Collins and Sons,saving,2181853
LV21IMYBMCHFWTV9MPQBG,84,North American river otter,personal,1888932
MD76UZJSHA1WQXMNO1ERSAGS,85,Greenlam,personal,649328
BG51UTCF39530314V3ZH9M,85,Collins-Bartoletti,business,507306
RS64141932494067128622,86,Wilkinson-Shanahan,personal,1230744
MC576937941141AFYP1P2LPWG04,87,Yost-Hirthe,personal,2416053
MK885706QX8UYFKTF20,87,Kertzmann,saving,2600350
IE42UTTQ67174907923500,88,Gembucket,personal,286034
SA8805TF9YHK68JRJYE64GMK,89,Rigney,saving,492322
FO7259704570203368,89,European badger,saving,68366
SI97275105530910376,90,Konklux,saving,1671425
NL31YGPH2692175770,91,Arctic lemming,personal,1144112
FR642961958942ZCDWXR9BKRR66,92,Common zebra,for minors,2229102
TN5700106793848451528520,93,Sawayn,business,2024238
AT406845176291948939,93,Flowdesk,saving,379740
NO1510303275847,93,Tresom,personal,1809018
IS382593398702306795342245,94,Feil,saving,579412
AZ58SWPGIZTZ56OZWPGHRQZEXPKE,95,David,personal,120500
PS30EQMKQKT6ZWT4YM3GFJHU8WNCV,96,Meerkat,personal,1708877
FO3724561082301483,97,Merry,saving,192444
GR730467832M5AMHBJ1VEGXQUSS,98,Great cormorant,personal,869253
FR446546772473D2YUTPQSNVM59,98,Armadillo,personal,2300063
FR836087418377IWU8PVEGDVU13,99,Bustard,personal,2796151
IT77M4217328362POQTWCFJOQBS,100,Gerlach,saving,565258
FR869764703054EQVWPSQMCKT82,100,Crane,saving,1481068
LB952325VR7ZZLNPAYCEPWGTT8L9,101,Lukken,personal,1956448
MD64M7PQNC3T7HEB4VKNRLO4,102,Brown,business,1288795
DE65319005245162325540,102,Kensington,personal,1920197
SM78N7809963212KRCYTRDYPGBA,103,Pond,personal,1478172
IT86W0126538188X6OUUTGNOEC4,104,Romaguera-VonRueden,personal,2721139
BA850801019776909465,104,Badger,personal,2239724
GE96AP6564653098418752,105,Holdlamis,personal,1653927
NO2855437598422,106,Zoolab,personal,582281
BR6719619074764247260759846PC,107,Green,personal,2774516
MK34727GCD89ZBFDW30,108,Algoma,saving,253236
FR972388823743M5JPHUZ8VN953,108,Pigeon,personal,2506512
DE77222806807739559532,109,Squirrel,personal,1897502
IS854749981616528766643548,110,Sonair,personal,1683654
FR8458001515755INXXYMQS0F47,110,Tampflex,personal,336561
BE14907370971408,110,Voltsillam,personal,1343159
SE7120455758865173215820,111,7th,personal,2082393
CY12037553938HANCACNARCJXUQ2,112,Kuphal,business,1481684
ES4901947043150200664689,113,Zamit,for minors,1509540
KZ08583RLSRYBXSZMLZ4,114,Kedzie,personal,2434234
GE64IJ9738217573197879,114,Zaam-Dox,personal,1046385
IS928892874631938551679674,114,White-faced whistling duck,personal,1234587
KZ52292EUMAJ47OMWQJA,115,Ventosanzap,personal,2836295
LT622811833388040402,115,Jackal,saving,314812
AL1413205769CQMURF5QHEI8LVIT,116,Rat,saving,933083
FR433271943275Q7IKGEEUQOE62,116,Domainer,personal,1890746
FR794576365824OBDHH9XQU3Z48,116,Zaam-Dox,personal,533776
TN7631925302662205117031,117,Brown,personal,2352244
MD352HZKLXD7BFBSGKEAUTNZ,117,Zaam-Dox,personal,2015383
VG35WZDA4882933705963825,118,Crist,personal,779379
CH1813921OCUMRB544AXK,118,Baboon,personal,933153
GE34KS1299128746647379,118,Lighthouse Bay,personal,2565804
ME75075426400451448587,119,Pollich Inc,personal,1157579
DO29AAEW77827801168419697663,120,Namfix,personal,1197745
KZ57817DZXUEGJAWDPRF,120,Howe LLC,saving,2910886
SM21J8226711495E7QWVSFSIA8R,120,Keylex,saving,1341676
SA9663D7E8LLDHYXI6OHQOUS,121,Konklab,personal,608516
GR861288206OLQH2DAHVAN1RZMH,121,Tree porcupine,saving,2184645
BH57BACYIF0FMTOBWYBTVZ,122,Civet,saving,548945
AD37752457315JEOWZHKWHR5,122,Dingo,saving,2184782
AT081187867286884882,123,Fixflex,personal,115582
CH584827884PGVRUBCRFO,123,Cardify,saving,1195080
SA5545H45I8QO6OZPKC1AJ1H,124,Gale,business,372649
GE69FX0692149151874654,124,Cardify,personal,2962680
FR810223691008QULMITLMCNA94,125,Toban,personal,1585489
VG39XRWZ3431175664003491,125,Woodpecker,saving,193905
FR807342764038UJRSGZYAYGM85,126,Shoshone,saving,1238620
CH1618474PWEBI8QAGREI,127,Stronghold,personal,2521748
NO7274412447600,128,Voltsillam,saving,258390
KZ04017O5YZZEKYNZTTM,129,Renner-Mann,saving,515946
DO97HK3L50306527257038899326,130,La Follette,saving,534862
LB8105855AACQFUNW05CJEKUJDZ3,130,Hegmann and Sons,personal,703684
KZ895407OLRWO08PLDFY,131,Coleman,personal,2005775
DK2114195689978254,132,Senger,personal,2396133
KZ32461PMNFMY7ATQ15P,132,Scofield,saving,1406383
CY9077504188HE60SMOPMWLV2P3H,133,Gerlach,personal,1887193
RO73NAGZ1LXIZAJUM4EKIQOO,133,Stringtough,business,2291131
IT13H2361404392D7MFDQT0IDVL,134,Subin,personal,1716921
GT46HHSISJSNYBIV2TH4121EIUMN,134,Dooley,personal,1184169
PT07106690676316508649610,135,Zontrax,saving,544779
PL48063123299606189735634665,135,Fordem,personal,1622968
BE73412981269660,136,Pawling,business,858834
AL5460713983FP9WHHOPPMXHJRIB,137,Wallaby,personal,510036
RO13UPSSRHMVA84JH0TPPTVX,138,Alpine,personal,732233
SI24995381014793617,139,Zontrax,personal,2021429
RO58VRCUT6JVXUYK7PYQYPYV,139,Roth,personal,2845183
VG31PSVD3306916511040551,140,Moen-Leffler,personal,1443318
GL3481311304779791,140,Stiedemann and Sons,saving,1356364
MC940339001715ZPRDD6W2XVO92,141,Yundt Group,personal,1292809
CY9059630787DVNAKVTF9FRUJDOC,142,Darter,personal,1509716
FR823591936920GRRQXKU19RZ41,143,Welch,personal,499269
ES3876567973341776820457,143,Jana,personal,1876127
CR4377281577857817397,144,Wrapsafe,saving,415328
AT368572355763145528,144,Porcupine,personal,2829283
FR295805314349IYF4X0TG18M78,145,Stoltenberg LLC,personal,2244890
PT40779420194504799760597,145,Kangaroo,saving,1640839
FO0906938323937245,146,Temp,personal,527413
AL18367601534PY4KDD95JL6JWIF,146,Daltfresh,saving,5528
FR883818058529HDRHNLK7C3U16,147,Insect,personal,1025822
MC346613464463YWTAHFPXYQO01,148,Alphazap,saving,1954564
TR971083101AA7JGYCJDLYHDHQ,148,Nobel,personal,1714076
FR1549583566069TR1N2XWOYX34,149,Hartmann-Schneider,saving,2479260
SK6132037686131113735305,149,Koch,personal,2788067
LT813789058902762269,149,Tern,personal,824431
FR225588264503KJKUSJFYZHX30,150,Whale,saving,2213191
SE1079013634129926894775,150,Satterfield,business,1078020
FR838820895601D0FGKGADY6106,151,Cottonwood,personal,2858036
SI57611936784468662,151,Kuhlman-Jast,saving,956320
FR029075889291BQC8WAWCDTF13,152,Bitchip,for minors,1621470
FR068701950263DFLNR1VGWTI35,152,Cardify,personal,2022319
HR8118346488694153823,152,Macaw,saving,308139
AT097097916269638888,153,Jaguarundi,saving,1049684
FR3481428835649QEVERDZJYP38,153,Duck,for minors,2319562
GR398289153L5EKN5JL8GVUGQ9D,153,Wiegand Group,personal,2120473
VG11RDEC4757864861894111,154,Schowalter-Wisoky,saving,1283680
SA3042VLBFLEND4YGUQOFAGX,154,Alpha,personal,454762
IE62UVZR80552051677037,155,Prairie Rose,personal,110822
AD18895793152RGQICRDHHLA,156,Meerkat,personal,1218076
FR127567606747RZC8WV66SYW76,157,Corry,personal,1508602
CZ1547431780902484817696,158,Chive,personal,361275
BA975439577438062611,159,Gislason-Kiehn,personal,2418989
MK92887JOB36VTVBN12,160,Zaam-Dox,personal,42048
LI5189655UAP4KTFWWQ6O,161,Bitwolf,business,2650343
AL1400369175Z8BXNP4B99VEUKRY,162,Crona,for minors,257822
IE48HHZZ83525892531312,163,Lourie,personal,686093
NL34PXTR1965468531,163,Gusikowski Group,saving,2249019
GR542906012DCDW0VKGR5B4GUGE,163,Rogahn Group,saving,2372604
FR5041164036327DMV1CRBHOK58,164,Span,saving,2807993
BH05NCFGOZLNYFOUBOQWXZ,164,Kangaroo,saving,2944977
CY7768546873YBRXVGTRPVXWPMTJ,164,Grady,saving,1980906
KW85AYMHPBVBCVXTBEXRORUCADITVV,165,Koepp,personal,649546
KW43PSDS58HZGB6RARMAKX89U4NQTY,166,Woodpecker,personal,651515
IL409696584512972633586,167,Westend,personal,1323914
AE732911987174293790295,168,Stork,saving,2215075
KW29KRWJRFTRM2M38QEA6ZKMYQ4O5M,169,Red howler monkey,personal,2412231
BH28EQZSLZB0CFICEYOZHW,169,Graham Group,saving,2722034
AT671585863609047907,170,Keylex,saving,806135
FR9006404666461M7KRYDN7QJ65,171,Turcotte-Runolfsdottir,personal,1518850
AD1626196809DYVQ55XS5NAB,172,Weimann-Hamill,saving,63361
GL1237034700705938,172,Flexidy,personal,2468745
PL49501119517753815820044440,173,Christiansen LLC,personal,1453131
HR2684646346109894181,174,Fix San,saving,1773798
FR098329423950TGRCMAVUTF427,175,Water moccasin,personal,2245886
LI63416202EI7YJHANUSK,176,Common pheasant,personal,79064
GR1827883159GTSSL9T7REKJCSM,177,Cormorant,personal,2222541
FR666537258783X8OMC04VFTC42,178,Keylex,personal,1108222
FR829725437093PER5U8ELT9S23,179,Mertz-Romaguera,saving,2345434
MC533554687777PWENI7EH6XS21,180,Flexidy,saving,1052001
DE96836174699533726721,181,Fintone,personal,1879629
BH47EORMNHNHR7TAGPHBEI,182,Beilfuss,personal,2544509
SA4646KYP5ZKAI7FGIGWCGRE,182,Jacobs,personal,1640276
CZ7309875310832625068146,183,Spur-winged goose,saving,2157439
MU31ZXVS5616427840984886555RWZ,184,Collier,saving,1436127
PT09874419408031302894251,185,DuBuque and Sons,business,2980304
LV85LQVR5CYMZNTJEAENO,186,Lion,personal,1709509
IS905233401420088031261844,186,Home Ing,personal,1397149
TR0759790QLUOZUYZBIF6LUMC0,187,Hettinger LLC,personal,93339
CZ5128862042456901707453,188,Sonair,personal,2111682
AD5283668040NMPAVVGZPME0,188,Job,personal,1410839
PT37338400865573536948836,189,Kanlam,personal,1459962
BA179198823954910135,189,Mongoose,personal,1962036
DE62698807878704195908,190,Fix San,personal,254254
IS687662599041892556228085,191,Kenwood,personal,1355885
FR746574562519JBFAYYCZ5KX70,192,Mayer,personal,1575718
AL33908744009C521XY5QXTPUATG,192,Hansons,personal,1296492
EE209053047801927065,192,Subin,business,2769958
VG02JKRJ8039422174211082,193,Little Fleur,saving,1525606
BA207696025177559641,193,Wilkinson,personal,2904253
AE590889897762145345659,194,Tempsoft,personal,2877752
HU66225900228297785349122085,195,Armadillo,personal,1842043
FR680600117477IQNIMKREQKA10,196,Armadillo,personal,21387
RO14AXGDYLMTE72NNVIFYEIO,196,Red-capped cardinal,personal,2388402
SE8888686112689443922350,196,Nine-banded armadillo,personal,530037
SA95663L8AYYQFUGNYDUDYGY,197,Tony,personal,2571123
FR521761738278VD4WOODAQLA67,198,Kensington,personal,2151425
PS73OBEGHFSEYBLYFMH8L3QPGVQC9,199,Black-necked stork,personal,2588333
DK8502965234309736,200,Walsh-Graham,personal,1398267
MU95OIRO8105539674853509816TIQ,200,Cody,personal,1385239
IL810674661961576601965,201,Oryx,saving,324323
AZ64HEGTJCSUZBLP4MODQD5TXA2Y,201,Goodland,personal,107993
BR7237078533304381976578605ED,202,Namfix,personal,716887
AL7735553150TGPITLB0SYRDI9PS,202,Marvin-Johnston,personal,1315475
GR665961948ADBSX9QJRLACNGCS,202,Columbian rainbow boa,business,2811978
EE773962608719332827,203,Andalax,personal,161253
SI97376192513244585,204,Tin,for minors,195578
FR553701618541DD6XFVKOG0J19,205,Scott,personal,1981572
AD0357942949XKSMVLBOOIBA,206,Emmerich,personal,1698554
CH6652662FI0KP6LIYJJP,206,Roth,personal,2896873
FR718643467428HIJYLT8CYGQ82,207,Bowman,personal,1195587
BA038279294551896061,207,Cat,saving,638902
LB632707QJWMXHVKWQUXNPBJ2XJM,208,Prairie Rose,saving,808715
BG33ZDGD79879725GOUATZ,209,Sandpiper,personal,502497
CZ5240340767680109789049,209,Crowned hawk-eagle,saving,2574674
LB626508SPNHIYNRJ9YMTUC6S3Y1,209,Abshire,business,1703335
BA679608648659368471,210,Prodder,personal,1038974
SA82871FSUT7YMRSB9HYZFRQ,211,Domainer,saving,1836608
DO20X0CL94741421152889803412,211,Biodex,personal,2956997
LI2942803QDOD3E000JXV,212,Mraz-Smith,personal,941381
RO97AYHEN05JEPVJ53CSXUFI,212,Red-tailed wambenger,personal,1727315
BR1205660151330024495652954UY,213,Colorado,saving,2669294
LB70273214FSFH8EEVWQY5ZHLWYX,213,Desert tortoise,personal,543699
HU24504336342058312569676193,214,Holdlamis,saving,2407152
VG03ZPVG6619155056075240,214,Sawayn,saving,29109
RS96197462558383671042,215,Deer,saving,685145
GI32WGDYBUIY0AXIYYCZSKB,216,Treeflex,saving,2647501
MK607269Y52K7L4HG42,217,Rath-Wilkinson,personal,2442547
VG47DHRW7922423687861885,217,Eliot,personal,1256738
LV54ECKV6ZGJX0IIUVHL5,217,Goodwin-Rowe,personal,1052993
AZ16AXGMXH7AUULQQTXV0USVSUAX,218,Gembucket,business,1146982
CR5710841972545014452,218,Lien,saving,2483302
DE42771744757544870860,219,Stuart,personal,147602
GB76IQCB97160799774998,219,Devil,personal,2061592
MK34022YM9DBRAURG96,219,Wilkinson Inc,personal,1139254
FR266343225064PCVUZ6NADSB73,220,Graceland,saving,654618
LI9457531A6YJLWIJKNSQ,221,Bluejay,personal,694055
NL43DBZU0179499333,221,Mayert Group,personal,298016
FR559783569400B6BDRVV4GXX54,221,White-browed sparrow weaver,saving,934909
ES7436022026340888793217,222,Heffernan,personal,1367794
KZ46551T3XEEVV6FOYVH,223,Common palm civet,personal,2236378
FR318815521814IJ0AAE75LQB36,224,Cardinal,business,329822
CR2983777080677001186,224,Nikolaus LLC,personal,1996357
AD3177051208BRCERLQQWEBC,224,Monica,saving,1741613
MT96UJMO84351ISUKDQAC1BVUSET7YZ,225,Transcof,personal,253241
FR695430719047MSWFWEIHCAO18,225,Daltfresh,personal,2436604
GR522354528C95EVZDAXCLHWO6W,225,Roadrunner,personal,1499463
LU51482S5LB0GJSVOYPP,226,Water moccasin,saving,2153684
BH54PCIVYK9ZY4NPXRS8O3,227,McClure and Sons,personal,1234610
FR951559976304UFREMIAD2UW11,228,8th,personal,675067
LI7115490UEKKHC5HEOMC,228,Zoolab,personal,1956718
ES5064018530136805261311,229,Stork,saving,2403793
BA134052890166958749,230,Monterey,personal,2694623
FR250761627023WNVNNGMKV0J81,230,Sub-Ex,for minors,2926310
TR9604671FNJWUBQMGVNOLFEAW,231,Otcom,personal,210813
DK3810320169074877,231,Quo Lux,personal,1789195
PS81ZQCHDLD7M5SDZUWZNKSYSTCMO,232,Lehner-Koelpin,saving,2292829
GI72LFDMTUYNZRWDD3Z20IA,233,Goodwin-Kuhn,saving,2647002
FR355719122719UPWYHQHCWEX12,234,Sub-Ex,personal,992395
FR704100078415M1ZKPWPXU1L68,235,Falcon,personal,1904418
IT92R5558006844U0FADCFZP08W,235,Haag,personal,135293
DO95GGAZ78324630155292344918,236,Prodder,personal,2651867
AD2069374153OGLBJD58WU9P,237,Malleefowl,personal,2434825
BA646286194711690180,237,Manufacturers,personal,2723746
IL450605438279402494986,238,Anderson,personal,2187351
FI8519885420923773,238,Daltfresh,personal,446258
MR2233184551320834197541398,239,Old Shore,personal,2000459
GE97WM3367278084164498,240,Konklab,saving,1820285
DE87413056918276489411,241,Kangaroo,personal,1659852
FR067460009085OUHLDEQGFII38,241,Delaware,personal,2014173
GL4455269002179975,242,Fintone,saving,2278957
EE961551454545196995,242,Nubian bee-eater,personal,896420
PK81AFDV9UJVZ5EQAEZUDIFQ,242,Elka,saving,67685
LI1752872WWM1RWV4K4P0,243,Sonsing,saving,1347559
MT81YCZR60394SJQRWKMUNVEAIDXKPA,243,Beatty-Dach,personal,1283420
FR880802642577SKWA7FFSOSY93,244,Field flicker,personal,1035560
DK8464664008739993,245,Greenlam,personal,2621066
PK44GKYA7Y2JILW45PL1IYIP,245,Biodex,personal,1855066
LB096894R9DZWQ5UW5IZOJ0VW4JD,246,Tortoise,personal,2984916
ME29934419048456282390,247,Hanuman langur,saving,2149635
MC252479540832T14TYUTCAJX17,248,Toughjoyfax,personal,1061426
MT69HUPA88465GU9WRY2OMXLZEBAK28,248,Two-toed sloth,saving,986260
FR9031821508967Z4A0EKZ0F802,249,Merrick,personal,2507728
CR2954532194520038384,250,Pie,saving,2658007
