id,name,dateOfBirth,address,country,phoneNumber
1,Feodora Kollatsch,18-08-2004,Awilega,Indonesia,+62 409 404 401
2,Opalina Gwynne,20-06-1991,Columbia,United States,+1 803 274 170
3,Melvyn Davenell,07-10-1978,Mayenne,France,+33 282 534 244
4,Massimiliano Achromov,08-06-1975,Chernomorskiy,Russia,+7 841 775 190
5,Clementia Milnes,14-01-1999,Gutang,China,+86 440 495 820
6,Abran Evason,16-07-2022,Soko,Indonesia,+62 700 741 650
7,Jaine Leggin,13-06-2021,Yasugichō,Japan,+81 588 672 321
8,Halsey Gilvear,07-05-1973,Eastern Suburbs Mc,Australia,+61 902 337 880
9,Gerome Elsmore,29-12-1970,At Taḩālif,Yemen,+967 969 324 910
10,Josepha Serjent,12-06-1977,El Soberbio,Argentina,+54 389 452 906
11,Fred Treeby,07-04-2015,Funabashi,Japan,+81 496 358 058
12,Maddie Hardisty,08-06-2017,Jiagao,China,+86 175 781 483
13,Caye Tungay,03-02-2004,Mugango,Tanzania,+255 555 999 595
14,Dasi Nutley,19-03-1978,Tam Bình,Vietnam,+84 602 959 529
15,Franz McCunn,16-04-1971,Quvasoy,Uzbekistan,+998 897 363 216
16,Maryanne Dumbar,12-01-1980,Sainte-Thérèse,Canada,+1 185 408 174
17,Ginger McCart,12-03-2008,Daping,China,+86 736 186 106
18,Brandise Viollet,06-11-2006,Sakado,Japan,+81 818 700 000
19,Sharl Kleinmintz,18-08-2015,Lleida,Spain,+34 379 836 035
20,Bendix Deadman,18-07-1973,Bornu Yassu,Nigeria,+234 773 577 330
21,Arni Cossentine,08-09-2009,Qionghai,China,+86 397 860 553
22,Russell O'Connel,12-06-1997,Mesquite,United States,+1 972 899 668
23,Travus Cansdall,16-02-2014,Usman’,Russia,+7 492 167 598
24,Reamonn Reyson,18-06-2021,Galyugayevskaya,Russia,+7 333 465 587
25,Clarke Faivre,10-11-2003,Drammen,Norway,+47 270 272 669
26,Angel Baud,27-11-1970,Chaiyo,Thailand,+66 870 916 905
27,Sidonnie Bennett,12-12-1967,Jamaica,United States,+1 212 289 021
28,Ettie Linggood,11-06-2015,Youngstown,United States,+1 330 363 549
29,Christophorus Issard,20-11-1991,Cordova,Philippines,+63 721 866 877
30,Adda Rolance,18-04-1967,Longtan,China,+86 787 262 945
31,Selby Olfert,08-07-2012,Nubl,Syria,+963 280 801 347
32,Ailyn Linch,18-02-1989,Peseng,Indonesia,+62 517 562 348
33,Maryanne Brittlebank,29-09-1990,Camilaca,Peru,+51 594 415 437
34,Marys Bellsham,05-05-2006,Sansheng,China,+86 509 485 061
35,Hercule Just,14-05-1997,Karakabak,China,+86 204 668 841
36,Bertine Hargreves,26-10-2022,Solna,Sweden,+46 705 158 252
37,Sarita Margetson,22-03-2012,Badovinci,Serbia,+381 657 923 952
38,Melesa Vernham,19-07-1973,Murzuq,Libya,+218 951 928 729
39,Trescha Vamplew,07-06-1974,Uniejów,Poland,+48 486 997 320
40,Gracie Passler,31-10-2019,Savitaipale,Finland,+358 142 157 819
41,Koenraad Jankiewicz,01-03-1972,Tanumshede,Sweden,+46 712 449 167
42,Florenza Sherratt,20-12-1989,Pokrovskoye-Streshnëvo,Russia,+7 512 574 198
43,Elane Szymanek,10-06-2000,Washington,United States,+1 202 652 100
44,Lilian Andrasch,18-03-1989,Hägersten,Sweden,+46 174 274 155
45,Jeanie Motton,23-03-2018,Rogóźno,Poland,+48 234 107 765
46,Pammie Thow,03-03-1970,Huangjingba,China,+86 528 932 799
47,Natalina Aizic,26-03-2014,Mēga,Ethiopia,+251 113 970 237
48,Mirella Pietranek,31-05-1970,Lingkou,China,+86 287 489 309
49,Egan Braunthal,17-08-2004,Vannes,France,+33 704 180 927
50,Ofelia Foulcher,06-12-2004,Kopparberg,Sweden,+46 783 875 079
51,Augustine Pickles,12-08-1976,Chorotis,Argentina,+54 852 166 972
52,Jinny Pepineaux,04-06-1970,Paraíso de Chabasquén,Venezuela,+58 894 519 302
53,Garald Bayston,30-09-2000,Las Palmas,Mexico,+52 891 846 175
54,Emylee Wetherald,15-03-1979,Manadas,Portugal,+351 550 284 548
55,Gates Dearl,14-06-2002,Yunyan,China,+86 715 286 256
56,Levin Spavon,05-04-1984,La Esperanza,Peru,+51 990 644 009
57,Yetty Kilgrew,24-01-1982,Maguan,Indonesia,+62 671 816 563
58,Welch Pavese,21-11-1998,Daminggong,China,+86 392 194 717
59,Thibaut Kettlesing,17-04-1976,Shadili,China,+86 453 447 505
60,Chrissie Di Roberto,24-12-2000,Balyqshy,Kazakhstan,+7 688 333 479
61,Kaja Littler,18-11-1975,Modosinal,Indonesia,+62 572 819 718
62,Shel Hillburn,12-02-1976,Tandzut,Armenia,+374 743 377 803
63,Deonne Caberas,27-09-1978,Megalochórion,Greece,+30 176 386 853
64,Correy Ipgrave,17-07-1968,Dongfanghong,China,+86 961 977 173
65,Holly Lettson,14-10-2002,Jinhui,China,+86 906 414 706
66,Kamilah Halworth,12-04-1982,Shchelkovo,Russia,+7 884 634 980
67,Niall Hartrick,10-03-1978,Al Manāqil,Sudan,+249 424 394 316
68,Adriane Weildish,02-09-1971,Badajoz,Spain,+34 229 996 791
69,Isaak Guierre,21-06-2009,Kisii,Kenya,+254 434 309 195
70,Opalina Blakebrough,07-01-1975,Qiulu,China,+86 550 817 838
71,Ewell Eldridge,06-07-2008,Kerasochóri,Greece,+30 520 771 510
72,Urbanus Withams,30-09-2014,Florencia,Colombia,+57 963 618 526
73,Brandice Birtwistle,16-12-1977,Gang,Philippines,+63 717 615 160
74,Davis Ruddick,08-10-1980,Huanfeng,China,+86 331 867 714
75,Cecilio Snarie,04-11-1970,Bělá pod Bezdězem,Czech Republic,+420 783 409 309
76,Karrie Conrard,22-09-1978,Motong,Indonesia,+62 349 108 678
77,Tedda Ciccarello,12-02-2010,Mapiri,Bolivia,+591 209 899 996
78,Barbara-anne Sparshatt,16-02-2000,Lago,Sierra Leone,+232 325 766 224
79,Raven Mountain,27-06-1998,Bodĭ,Mongolia,+976 734 882 439
80,Jeana Lemarie,09-12-1996,Victoria,Philippines,+63 524 601 275
81,Alameda Travis,17-05-1996,Södertälje,Sweden,+46 161 787 622
82,Truman Mansour,27-08-1981,Cikarang,Indonesia,+62 441 732 677
83,Shela Frain,07-06-1990,Mbanza Congo,Angola,+244 310 192 210
84,Enoch Celes,07-01-2008,Jindou,China,+86 735 457 586
85,Leonora Oliveti,04-03-1995,Meiyuan Xincun,China,+86 887 525 445
86,Caryn Stowgill,29-12-1987,Fuming,China,+86 771 998 356
87,Abbe Shepland,06-10-2001,Maia,Portugal,+351 356 713 818
88,Caprice Wiles,25-06-1975,Bago,Indonesia,+62 375 192 599
89,Leigha Winterson,22-04-2009,Touguinha,Portugal,+351 964 700 597
90,Karlis Hannabuss,11-02-1996,Orikum,Albania,+355 898 189 597
91,Cecil Eisikowitz,06-10-1968,Svalöv,Sweden,+46 624 239 104
92,Sterling Schroter,22-12-1969,Maevatanana,Madagascar,+261 304 783 115
93,Stephanie Puttnam,15-07-2022,Nepomuceno,Brazil,+55 679 804 318
94,Roderigo Farnfield,24-11-1981,Sōka,Japan,+81 665 625 654
95,Corine Leathart,17-06-1974,Portsmouth,Dominica,+1 864 885 552
96,Briney Bottomer,12-07-1972,Ejidal,Mexico,+52 487 531 874
97,Bobbi Robatham,08-05-1994,Dawuhan,Indonesia,+62 285 789 421
98,Carver Wootton,03-08-1997,Yuandun,China,+86 314 808 761
99,Donnajean Cropton,09-01-2008,Divinópolis,Brazil,+55 462 198 198
100,Maddy Taft,04-04-2016,Qal‘ah-ye Fārsī,Afghanistan,+93 781 530 272
101,Chrissie Demko,05-03-2009,Guangli,China,+86 884 713 721
102,Rocky Bryde,29-01-2019,Shun’ga,Russia,+7 307 154 458
103,Chickie Cescotti,14-07-1972,Koufália,Greece,+30 692 599 907
104,Doris Cheston,13-03-2000,Vilhena,Brazil,+55 668 906 209
105,Kyle Longhirst,03-01-1995,Roldanillo,Colombia,+57 630 876 417
106,Curt Jacobbe,08-02-2020,Rosario del Ingre,Bolivia,+591 231 267 612
107,Goldarina Fontell,25-12-1998,Louisville,United States,+1 502 117 800
108,Kristoforo Capewell,17-03-2005,Cherskiy,Russia,+7 146 546 343
109,Obadiah Seatter,04-11-2019,Venezia,Italy,+39 607 992 164
110,Mireille Scattergood,06-02-1993,Taling Chan,Thailand,+66 280 203 295
111,Shell Callen,23-08-2008,Río Sereno,Panama,+507 952 167 815
112,Jacintha Siemens,07-08-1988,Kavieng,Papua New Guinea,+675 471 330 569
113,Natassia Barnard,23-12-1982,Kalangan,Indonesia,+62 908 532 324
114,Paola Vasic,23-04-2001,Karangpao,Indonesia,+62 781 975 455
115,Gussy Rye,27-11-1976,Qingshan,China,+86 594 118 568
116,Lotty Slaney,28-05-2001,Gungguh,Indonesia,+62 365 769 540
117,Star Heninghem,05-06-1991,Bueng Khong Long,Thailand,+66 602 866 291
118,Kevon Maffulli,05-07-1967,Casigua El Cubo,Venezuela,+58 875 664 683
119,Brenna Soles,11-03-1996,Borovan,Bulgaria,+359 539 889 573
120,Effie Tattersfield,17-01-1981,Moerewa,New Zealand,+64 575 639 004
121,Boothe Baillie,21-04-1987,Fukiage-fujimi,Japan,+81 372 623 798
122,Pancho Skipperbottom,05-04-1986,Cuihuangkou,China,+86 352 860 087
123,Darice Serot,19-11-1994,Bayt Dajan,Palestinian Territory,+970 960 904 305
124,Renate Longfoot,04-05-2018,Créteil,France,+33 352 315 758
125,Gilles Aizic,05-10-1985,Jalqamūs,Palestinian Territory,+970 899 820 440
126,Maggy Sime,22-06-1983,Brétigny-sur-Orge,France,+33 746 713 202
127,Abbey Treske,17-03-2002,Lorica,Colombia,+57 660 123 909
128,Ilka Haythorn,01-05-2018,Igang,Philippines,+63 750 269 097
129,Tammi O' Mullan,07-11-1974,Sarapul,Russia,+7 631 651 763
130,Honor Saye,08-03-1986,Sierpc,Poland,+48 149 148 219
131,Abby McQuade,12-10-1997,Guishan,China,+86 480 667 005
132,Johnath Huertas,03-04-1973,Lipka,Poland,+48 977 151 000
133,Charmane Ollet,21-09-1969,Alfeizerão,Portugal,+351 988 947 288
134,Ursala Idel,01-12-2010,Anolaima,Colombia,+57 313 386 050
135,Benjamin Schwanden,05-06-1998,Ganyesa,South Africa,+27 820 917 305
136,Katey Toynbee,06-06-1987,Chenjiaba,China,+86 235 142 415
137,Sam Pumfrett,12-05-1997,Bethal,South Africa,+27 626 387 205
138,Evvy McGillivrie,22-04-1986,Morrelgonj,Bangladesh,+880 345 277 128
139,Antin Ferebee,07-12-1992,Watuagung,Indonesia,+62 432 450 508
140,Merry Corson,14-05-2002,Oumé,Ivory Coast,+225 822 153 658
141,Kaylee Overill,17-09-1976,Rudnyy,Kazakhstan,+7 697 836 297
142,Tandy Josef,09-02-1998,Pag-asa,Philippines,+63 376 864 338
143,Elysia Shepcutt,28-03-2022,Hukvaldy,Czech Republic,+420 412 866 089
144,Toni Moubray,15-10-1970,Bobonan,Philippines,+63 250 245 250
145,Merissa Debell,24-01-1967,Biloxi,United States,+1 228 350 974
146,Rodolph Embleton,19-04-2008,Zaniemyśl,Poland,+48 491 144 901
147,Jessee Doige,27-05-1987,Regidor,Colombia,+57 627 921 300
148,Paolo Tacey,10-04-1997,Nerokoúros,Greece,+30 295 636 049
149,Brandise Roake,25-10-1989,Paris 13,France,+33 749 551 834
150,Michail Crimpe,16-07-1981,Medang,Indonesia,+62 557 248 241
151,Earvin Cubbin,03-06-1972,Dodoma,Tanzania,+255 377 430 502
152,Teirtza Martinets,13-01-1995,Fujisawa,Japan,+81 355 618 992
153,Hubert Daintith,10-09-1970,Touying,China,+86 214 154 923
154,Georgy Harridge,28-03-2012,Los Cerrillos,Uruguay,+598 317 118 527
155,Karlis Birdwistle,24-03-2015,Wangwu,China,+86 227 595 720
156,Lew Godspeede,29-10-1986,Barão de Cocais,Brazil,+55 827 151 181
157,Iain Peasegood,11-06-1993,Sriwing,Indonesia,+62 543 735 222
158,Monika Beall,10-08-1980,Североморск-3,Russia,+7 281 785 082
159,Harley Darcy,01-12-2002,Prince Rupert,Canada,+1 128 767 055
160,Tiffany Whebell,02-02-1997,Yanglinwei,China,+86 646 702 936
161,Claiborne Newnham,27-05-2015,Kukulu,Indonesia,+62 379 741 907
162,Wit Thorley,13-10-2014,Yingjiang,China,+86 466 265 546
163,Reta Burchard,22-08-1981,Huai’an,China,+86 618 111 930
164,Nero Nyssens,02-12-2000,Kohāt,Pakistan,+92 634 172 464
165,Karleen Izkovitz,09-09-1994,Arosbaya,Indonesia,+62 453 465 736
166,Ebba June,24-03-2000,Juigalpa,Nicaragua,+505 688 743 056
167,Marty Beames,20-09-2011,Shuangqiao,China,+86 465 296 167
168,Bryon Godlip,31-05-1989,Belčišta,Macedonia,+389 184 718 239
169,Delmore Calltone,21-09-2010,Solkan,Slovenia,+386 538 391 810
170,Tasha Eveling,14-04-1974,Zhangjiaji,China,+86 618 687 251
171,Gustaf Clooney,10-01-1996,Peachland,Canada,+1 538 833 052
172,Lorilyn Cowey,23-08-1990,Drahichyn,Belarus,+375 297 167 310
173,Sollie Garrit,29-07-1999,Contramaestre,Cuba,+53 553 237 555
174,Gawen Strain,25-03-1997,Ayacucho,Peru,+51 304 409 847
175,Janka Arrandale,06-10-1977,Benito Juarez,Mexico,+52 256 982 168
176,Lotta Dugget,30-11-2005,Babakansari,Indonesia,+62 377 269 887
177,Marie-jeanne Jerke,09-06-1986,Niaohe,China,+86 811 535 605
178,Claybourne Bane,24-08-2002,Lysychovo,Ukraine,+380 288 622 305
179,Filip Hamsher,08-08-1984,Hanušovice,Czech Republic,+420 496 894 706
180,Joana Mapes,18-11-2012,Wisznice,Poland,+48 444 942 303
181,Brandice Dahle,12-12-2003,Frederiksberg,Denmark,+45 547 101 942
182,Jannelle Izak,22-06-2014,Kataba,Zambia,+260 648 205 179
183,Arlin Behninck,26-09-2004,Norak,Tajikistan,+992 902 710 573
184,Alisander Brunone,05-05-1996,Torslanda,Sweden,+46 980 275 791
185,Barde Paunton,03-01-1980,Kopral,Indonesia,+62 544 204 650
186,Kariotta Pecht,25-09-2011,Enschede,Netherlands,+31 539 354 664
187,Neille Worpole,23-10-1985,Riihimäki,Finland,+358 242 885 727
188,Mollie Grovier,16-11-1979,Hengli,China,+86 414 640 982
189,Brenn Ripon,13-01-2016,Rotterdam postbusnummers,Netherlands,+31 435 496 937
190,Colver Wernher,06-07-2019,Srpska Crnja,Serbia,+381 889 142 415
191,Worth Limeburn,06-01-1971,Río Colorado,Argentina,+54 344 223 064
192,Ruthanne Ingreda,28-11-2000,Trinaterra,Portugal,+351 577 358 306
193,Sampson Bushaway,23-05-2003,Berlin,Germany,+49 396 576 705
194,Cirstoforo Youd,15-02-1970,Guaíba,Brazil,+55 516 358 019
195,Emiline Pybus,07-04-1998,Söderhamn,Sweden,+46 174 269 163
196,Loralie Shelp,13-11-2007,Caen,France,+33 650 199 903
197,Francoise Penddreth,02-05-2019,Dokshytsy,Belarus,+375 231 555 537
198,Grayce Cruwys,07-02-1970,Kaabong,Uganda,+256 444 787 859
199,Dominique Haston,03-07-1976,Atescatempa,Guatemala,+502 648 320 086
200,Ellwood Menhci,09-02-2003,Sanshandao,China,+86 512 279 152
201,Gris Plank,21-11-2014,Vallauris,France,+33 817 669 806
202,Evan Sains,21-02-2004,Corujeira,Portugal,+351 874 673 810
203,Trumann Blumson,20-07-1985,Mingjing,China,+86 185 644 505
204,Cornie McLachlan,05-02-1991,Magatos,Philippines,+63 777 116 492
205,Tobin Riden,29-09-2005,Chernukha,Russia,+7 649 659 767
206,Kenn Sharpless,18-07-1981,Wadi Kidul,Indonesia,+62 105 401 524
207,Amye Rotherham,18-03-2005,Stockholm,Sweden,+46 747 287 547
208,Bruis Steade,15-07-1988,Kalapagenep,Indonesia,+62 442 835 655
209,Guss Pashe,19-05-2014,Puutura,Indonesia,+62 650 103 147
210,Bridie Fraine,08-08-2017,Catungawan Sur,Philippines,+63 342 360 997
211,Adolphe Tuer,21-04-1984,Datong,China,+86 512 811 240
212,Waylan Hylden,26-02-2011,Cincinnati,United States,+1 513 332 765
213,Delora Gottelier,18-07-1986,Gaplek,Indonesia,+62 581 103 962
214,Dody Kellaway,19-03-2005,Hamilton,Bermuda,+1 594 986 894
215,Donovan Blanche,17-05-1981,Petrozavodsk,Russia,+7 137 811 218
216,Chantalle Chantler,03-09-1985,Centre de Flacq,Mauritius,+230 801 136 245
217,Jakie Prando,11-03-2017,Skrwilno,Poland,+48 680 116 819
218,Aurel Bauldry,05-01-2022,Tourcoing,France,+33 871 305 539
219,Austin Hekkert,17-12-1980,Saarbrücken,Germany,+49 142 288 090
220,Tabor Hans,18-06-2016,Annapolis,United States,+1 301 629 803
221,Lothario Juris,13-02-1994,Puente Alto,Chile,+56 443 387 978
222,Terrijo Brasier,04-12-2001,Kiihtelysvaara,Finland,+358 879 828 488
223,Leicester Gynni,03-06-1967,Sebba,Burkina Faso,+226 475 924 880
224,Marcello Trinder,28-10-1981,Binlod,Philippines,+63 592 220 665
225,Eran Ciottoi,30-07-1977,Maksatikha,Russia,+7 902 220 677
226,Heddi Clewer,12-03-1993,Luoxi,China,+86 143 628 126
227,Rodie Mosley,14-03-1997,Cibaregbeg Dua,Indonesia,+62 651 574 484
228,Nikkie Negro,09-08-1971,Gaya,Nigeria,+234 198 987 291
229,Lottie Binny,19-03-2006,Megalochórion,Greece,+30 999 414 049
230,Leonardo Barlas,17-11-2010,Lugovskoy,Russia,+7 744 858 326
231,Ingra Meysham,13-03-2015,Muesanaik,Indonesia,+62 832 784 188
232,Erv Poxon,10-07-2013,Douentza,Mali,+223 249 895 625
233,Alwyn Espinoza,05-12-2009,Araguari,Brazil,+55 147 579 144
234,Ximenez Zimmermanns,26-09-1984,Queluz,Portugal,+351 590 715 137
235,Iver Mohun,13-04-1972,Nangger,Indonesia,+62 149 585 791
236,Meyer Connell,20-06-2011,Chipoka,Malawi,+265 613 110 653
237,Antons Tomblings,10-02-1978,Pinyug,Russia,+7 568 837 196
238,Thedric Proom,07-09-1983,Všeruby,Czech Republic,+420 949 159 182
239,Trent Biddlecombe,31-01-1968,Jitan,China,+86 395 308 439
240,Marcus Tuminelli,01-12-2019,Maple Plain,United States,+1 763 749 061
241,Nevin Saice,11-08-1975,Zinder,Niger,+227 636 336 559
242,Homer Cabel,16-06-1995,Kungsbacka,Sweden,+46 664 307 328
243,Valentina Leynton,09-06-2019,Lubasz,Poland,+48 622 596 112
244,Filbert Chaplin,24-05-1999,Santa Ana Huista,Guatemala,+502 684 460 452
245,Mia Le Barr,06-09-1988,Los Angeles,United States,+1 650 806 457
246,Land Lowther,12-06-2014,Cikiruh Wetan,Indonesia,+62 269 717 148
247,Mathilda Varne,30-07-2005,Ouro Sogui,Senegal,+221 467 883 194
248,Flora Fleckness,01-10-1972,Greenwood,Canada,+1 962 480 909
249,Roderick Fortin,05-10-1978,Tsurusaki,Japan,+81 190 685 063
250,Micah Noweak,13-07-1999,Berea,South Africa,+27 275 756 158
