employeeID,name,dateOfSign,departmentID
1,Iolanthe Widdocks,17.02.2007,22
2,Gus Benitti,03.03.2006,15
3,Thedric Rawood,19.09.2011,23
4,Xenia Balassa,07.04.2019,11
5,Corinna Caldaro,05.01.2003,23
6,Hilton Titmuss,02.05.2005,4
7,Gibb Gert,01.09.2013,22
8,Abigael Garside,09.01.2005,5
9,Rosalinde Ganniclifft,07.12.2022,16
10,Maurita Ogger,14.09.2017,11
11,Eldridge Knaggs,19.09.2014,8
12,Lucina Lettsom,15.11.2008,3
13,Gui Harsnep,12.09.2016,20
14,Debora Dicky,12.09.2004,12
15,Gideon Fritchley,27.11.2019,2
16,Anatol Billings,01.09.2013,25
17,Gal Bordman,21.08.2019,25
18,Walton Dilworth,21.03.2001,12
19,Kylie Arrigo,10.12.2012,21
20,Dawn Josipovitz,08.01.2008,12
21,Carena McGragh,18.05.2017,5
22,Federica Michelmore,10.08.2011,9
23,Carlee Kirsop,12.01.2015,15
24,Erich Batram,31.03.2008,6
25,Germana Bibbie,04.05.2020,1
26,Julina Paggitt,10.12.2004,13
27,Forbes Antunez,14.07.2019,19
28,Ansley Hellmer,28.11.2008,12
29,Thomasa Redfearn,07.03.2012,25
30,Merci Clatworthy,06.12.2010,16
31,Melina Turner,20.10.2014,20
32,Torrin Daverin,03.11.2002,13
33,Kat Nichol,22.10.2010,2
34,Marti MacAvddy,09.06.2006,5
35,Tamarah Bulteel,07.03.2007,7
36,Joey Tyson,15.10.2012,25
37,Lezlie Dowsey,07.08.2019,10
38,Chicky Edser,08.07.2015,7
39,Cookie Wederell,17.12.2010,6
40,Pincas Dayce,17.01.2001,6
41,Papagena Filliskirk,30.05.2014,2
42,Carny Trevarthen,06.05.2018,15
43,Bev Quibell,23.06.2015,16
44,Joye Oliveras,30.12.2001,7
45,Yancy Taye,14.03.2009,18
46,Liliane Gable,08.04.2016,13
47,Gannie Nornable,27.02.2011,11
48,Idell Thorrington,17.09.2010,23
49,Diandra Rivilis,13.05.2010,5
50,Cristian Habbergham,27.07.2020,9
51,Lyndel Verduin,11.03.2016,15
52,Gerti Wieprecht,17.09.2018,22
53,Sacha Heathcott,28.09.2019,19
54,Gustav Stocker,05.02.2017,2
55,Florri Winspare,18.07.2014,13
56,Corbin Tratton,02.11.2019,12
57,Clementia Erridge,28.01.2003,20
58,Gherardo Hullock,27.03.2014,12
59,Mikey Tosspell,30.07.2021,25
60,Michelina Lapworth,24.08.2002,4
61,Joana Cubbinelli,12.08.2022,16
62,Georgia Chastang,18.10.2007,14
63,Nealon De Benedetti,14.09.2013,8
64,Chariot Enterlein,10.03.2019,1
65,Osbert Lombardo,17.11.2007,9
66,Otis Havenhand,16.02.2003,23
67,Bail Maciejak,28.08.2016,24
68,Newton Jina,05.12.2009,17
69,Fons Sant,13.06.2016,21
70,Matty Henrot,16.05.2010,8
71,Christophorus Woolmer,12.11.2011,23
72,Ernie Fish,26.06.2002,25
73,Scarface Salack,22.01.2006,21
74,Lamar Topaz,24.06.2004,6
75,Brook Anderer,04.04.2017,3
76,Clare Joysey,19.05.2007,24
77,Roddy Castells,06.01.2016,3
78,Penny Gabb,27.09.2010,4
79,Ashton Tedman,21.06.2005,15
80,Vernon Nassau,06.08.2022,18
81,Elsy Halliberton,10.06.2010,6
82,Marrilee de Quesne,05.08.2018,14
83,Cecil Pinkerton,31.10.2013,21
84,Allyce Alelsandrovich,19.08.2019,24
85,Saree Meysham,27.01.2008,14
86,Shandeigh Benedtti,16.06.2012,17
87,Ezra Antat,14.12.2004,23
88,Malachi Coultard,25.07.2006,9
89,Geralda Rosier,24.04.2020,3
90,Remus Ormshaw,09.12.2016,13
91,Dorothea Gershom,20.10.2003,4
92,Miltie Musslewhite,07.08.2012,21
93,Cicily Bathowe,23.08.2004,5
94,Cristen Carruth,15.07.2001,16
95,Gunter Coon,26.03.2004,16
96,Blanche Messum,21.06.2017,19
97,Barbaraanne Hebbes,06.04.2020,10
98,Donalt McMurty,02.01.2017,19
99,Ave Rodrig,25.04.2015,25
100,Barney Derr,02.05.2014,10
101,Cort Sterman,02.11.2018,15
102,Jewelle Mander,11.09.2005,9
103,Kylynn Merredy,11.06.2021,17
104,Cleve MacKnocker,23.08.2013,8
105,Phaedra Tybalt,15.08.2007,1
106,Dorena Mathevet,25.06.2010,9
107,Yves Towsey,30.03.2018,14
108,Ina Springthorp,09.12.2017,25
109,Quintin Casine,11.02.2021,19
110,Mitchel Merredy,06.05.2020,11
111,Lamar Lupson,12.11.2003,14
112,Oren Beach,16.03.2007,6
