AE236837503028130721519,yearly,3.8
AE953455736311284747558,half year,4.9
AT226036253155779986,yearly,1.3
AT312563855247280428,monthly,2.0
AT678813955725840852,monthly,2.9
AZ32WDFXIMHARYKZEWVKS5QG5GQ7,monthly,4.5
AZ64HEGTJCSUZBLP4MODQD5TXA2Y,quarter,1.2
AZ73BFASXO7TAC1SDXQLYB2RTNGJ,monthly,3.5
BG13JEIC509423NAXUKOLW,half year,5.4
BG80BGKW2232103ST3GTY6,half year,3.5
BH28EQZSLZB0CFICEYOZHW,quarter,3.4
BH54PCIVYK9ZY4NPXRS8O3,yearly,4.8
BH58MVVMELSVPCFDSZUQT8,monthly,5.4
BR1205660151330024495652954UY,yearly,4.1
BR7237078533304381976578605ED,quarter,2.0
CH1618474PWEBI8QAGREI,half year,0.7
CH584827884PGVRUBCRFO,yearly,1.1
CH6793171T2FIYUY16UEY,yearly,3.0
CY12037553938HANCACNARCJXUQ2,quarter,2.4
CY32592408595KQLQUM1CG60C779,monthly,1.1
CY8714298070SW8FV1GLHBWSTKYO,quarter,5.3
CZ7345444139802983588544,monthly,3.0
CZ7501037659587135778487,yearly,1.2
DE24606440803858670949,quarter,0.7
DE87413056918276489411,monthly,3.0
DO692LOA24615275459286419733,yearly,4.5
ES1439225274313147027314,quarter,2.6
ES4028147503081363996112,monthly,4.5
FI5111950414945047,yearly,4.1
FO0906938323937245,quarter,0.3
FR044345369650K70UZEP1PLB38,quarter,3.4
FR1177144071868EIO0XBPAQH30,monthly,3.1
FR156859604172LTRQ0ETNXXL69,half year,1.3
FR219161520100MAECISS28QI76,monthly,2.8
FR241647887802ACKVGEEEQZM87,yearly,0.5
FR262813619748PNCVTCELAXG12,half year,3.1
FR263097337494WTJNN9YCWBB79,yearly,0.8
FR273037025062NQTUZGL8HIC68,yearly,4.5
FR303288991256XXMQKCMLZAD26,monthly,1.4
FR3141806374742YTJQIW8M8V61,half year,1.4
FR380744423606NAPDXC8TKRV13,half year,3.9
FR5041164036327DMV1CRBHOK58,monthly,2.8
FR521761738278VD4WOODAQLA67,quarter,3.4
FR569310056713SC8KZOLNQYJ12,yearly,1.6
FR5894022872945ACYX887VOH23,quarter,2.5
FR664530848066PZS7RTSBPDX82,quarter,1.3
FR746574562519JBFAYYCZ5KX70,yearly,0.7
FR828083090168ET6ILTDQURN59,yearly,2.9
FR9031821508967Z4A0EKZ0F802,quarter,5.0
FR9782327987451AYUC37U0EF51,quarter,3.6
GI83NEWZEVPW4UU7XMWZ0HZ,yearly,1.6
GR522354528C95EVZDAXCLHWO6W,yearly,5.3
GR861288206OLQH2DAHVAN1RZMH,half year,2.1
HR2684646346109894181,quarter,2.4
HU90888651622857489620287790,quarter,0.1
IE51AAOQ21828404077999,half year,0.6
IE51HMAU92310220433666,yearly,3.4
IE72QVSZ87136645799851,yearly,3.2
IL563665854804309369837,monthly,3.8
IL930759747392977098228,half year,5.4
IL954780099934615738624,monthly,1.6
IT92R5558006844U0FADCFZP08W,monthly,2.9
KW59IMZAU6XRJDDOMKHUQXXXQNGYBX,half year,4.5
KW82KSFYM4YY93ESZGLAMCNATMMBIG,quarter,5.0
KZ08583RLSRYBXSZMLZ4,half year,2.2
KZ22464M1ORDJRMKIJGA,yearly,2.0
KZ57817DZXUEGJAWDPRF,yearly,0.6
KZ64703VA9TXWV1O4CUM,quarter,3.6
LB64197862DLT0DLQ7H8HKJHW7CI,monthly,1.1
LB941675UDL4DF8O5J2L71XJLEFK,yearly,2.9
LI7115490UEKKHC5HEOMC,yearly,5.3
LT515349342197999350,yearly,3.4
LV55XFBII6FKFXSK3PXAU,yearly,3.1
MD127KRR5IDXVHDKKSBDCYLZ,quarter,2.7
ME06010270545643065544,yearly,3.5
ME29934419048456282390,quarter,1.0
ME65998433026079128554,half year,0.3
ME97661623675960265882,half year,1.5
MK885706QX8UYFKTF20,monthly,0.2
MR2233184551320834197541398,quarter,2.3
MR2368945812321419374551561,half year,4.7
MT69HUPA88465GU9WRY2OMXLZEBAK28,monthly,2.1
MT81YCZR60394SJQRWKMUNVEAIDXKPA,half year,5.3
MT96UJMO84351ISUKDQAC1BVUSET7YZ,half year,4.0
MU31UEWC1168158191908027236MKS,half year,5.1
MU31ZXVS5616427840984886555RWZ,monthly,3.1
NL57TYWJ4684226641,quarter,0.6
NO2855437598422,half year,0.3
NO7274412447600,monthly,4.8
PK16JVLT9WUDT2GTNRJXDCWX,quarter,1.5
PK96UAFUYAA6NVVXOQDYXM6R,monthly,5.2
PL89877171017396818184443026,monthly,5.0
PS81ZQCHDLD7M5SDZUWZNKSYSTCMO,monthly,3.0
PT29499781625205195427425,yearly,3.1
PT96360701922156082244556,quarter,2.0
RO18EUJTUIXL9GMIVTAD47EI,quarter,0.8
RO30KCWCK6YFATZUPK1JDJSU,yearly,3.0
RO38TDIXDHGRSSBIIEBSAHNZ,yearly,2.2
RS23635468475653514503,half year,4.8
RS27535419511289380411,half year,2.9
SA3362YUBLXWH0QPSXXHHUFK,quarter,3.4
SA4941E7VC2BUJG8DVLMIUB9,monthly,2.7
SA6793YOGHIU7ALTAZLFWAKU,yearly,1.9
SA95663L8AYYQFUGNYDUDYGY,quarter,0.2
SE2575710596688421800564,monthly,0.7
SE4479248889724865310316,quarter,3.7
SI14376102936075049,yearly,3.1
SI14540525320707650,yearly,1.3
SI90561448213410524,monthly,0.3
SI97275105530910376,quarter,3.5
SK9128096539431151563108,quarter,1.4
SM21J8226711495E7QWVSFSIA8R,yearly,2.4
SM79Q3694121719TOU8ASQA0WSB,half year,3.9
TN2192558651311039733353,yearly,3.9
TN9828137049969786960962,yearly,0.4
TR0242141JKJFDPUYFQ4BG1CHR,yearly,2.9
VG31PSVD3306916511040551,quarter,0.5
VG35WZDA4882933705963825,quarter,4.3